 [
   {
     "nom": "mohamed tobji",
     "email": "mohamed.tobji@lycee-jeanrostand.fr",
     "gender": "Male",
     "markers": [
       {
         "id": "1",
         "latLng": {"lat":48.72755183170958,"lng": 4.588320285066152},
         "namePlace":"Ecole Jule Ferry",
         "commentaire": "mon école primaire, pleins de merveilleux souvenirs...",
         "photo": "https://drive.google.com/uc?export=view&id=1MnjmoMVKhOhU9B_YAZaS-3AhkbX4n4Gh"
       },

       {
         "id": "2",
         "latLng": {"lat":-21.048030870205075,"lng": 55.42723753807348},
         "namePlace":"Île de la Réunion, cirque de Mafat",
         "commentaire": "une jolie randonnée en 2014!",
         "photo": "https://habiter-la-reunion.re/wp-content/uploads/2020/02/mafate_ile_Re%CC%81union.jpg"
       },

       {
         "id": "3",
         "latLng": {"lat":22.8390998756966545,"lng": 59.24538811292267},
         "namePlace":"Oman",
         "commentaire": "Wadi Sham, encore une belle baignade dans ce lieu magique!",
         "photo": "https://www.musafir.com//SFImage/Images/wadi-shab.png"
       }
     ]
   },
   {
     "nom": "tom cruise",
     "email": "tom.cruse@hollywood.com",
     "gender": "Male",
     "markers": [
       {
         "id": "4",
         "latLng": {"lat":22.8390998756966545,"lng": 59.24538811292267},
         "namePlace":"tower burges kalifa",
         "commentaire": "mission impossible!",
         "photo": "https://jsonformatter.org/img/tom-cruise.jpg"
       }
     ]
   },
   {
     "nom": "maria sharapova",
     "email": "maria.sharapova@rolland-garros.com",
     "gender": "female",
     "markers": [
       {
         "id": "5",
         "latLng": {"lat":49.00721978474969,"lng": 2.2803426018162662},
         "namePlace":"Rolland Garros",
         "commentaire": "mission impossible!",
         "photo": "https://assets.sport.francetvinfo.fr/sites/default/files/styles/large_16_9/public/import-articles/shara_ec733b7cc46493b482a8bea4b138f723.jpg?itok=QUiN5RDG"
       }
     ]
   },
   {
    "nom": "mohamed jaouani",
    "email": "mohamed.jaouani@gmail.com",
    "gender": "Male",
    "markers": [
      {
        "id": "6",
        "latLng": {"lat":34.684039717102614,"lng": -1.9194427317049727},
        "namePlace":"Oujda, Centre ville",
        "commentaire": "La ville d'enfance de mes parents et de mes vacance",
        "photo": "https://www.marocvoyages.com/wp-content/uploads/2016/02/Ville-Oujda-Maroc.jpg"
      },

      {
        "id": "7",
        "latLng": {"lat":48.909727152943034,"lng": 2.549624611520746},
        "namePlace":"Collège Romain Rolland",
        "commentaire": "La ou j'ai grandi et ou j'ai passer de merveilleux année..",
        "photo": "https://patrimoine.seinesaintdenis.fr/IMG/images/clichy-sous-bois/sites/014inv901/rrcsb01_pleinecran.jpg"
      }
    ]
  }
 ]


  